Easy A,7,weird,Rom-Com,10/19/2022
Don't Worry Darling,9,florence peugh is a god ,Thriller,10/18/2022
Monsters University,7,,Comedy,10/17/2022
Amsterdam,10,Lets go christan bale,Comedy,10/16/2022
Robots,6,,comedy,10/15/2022
Bullet Train,8,visually spectacular,Action,10/14/2022
The Batman,8,Robert Patinson my god,Action,10/13/2022
The French Dispach,10,,Comedy,10/12/2022
Pacific Rim,8,Robots vs Monsters lets GOOO,Action,10/11/2022
A Knights Tale,8,,Scifi/Fantasy,10/10/2022
The Martian ,7,,Scifi/Fantasy,10/9/2022
Pekemon Detective Pikachu,9,,Scifi/Fantasy,10/8/2022
Jojo Rabbit,8,OMG ,Comedy,10/7/2022
Dune,8,,Scifi/Fantasy,10/6/2022
Tremors,7,What a classic,Action,10/5/2022
Ford v Ferrari,8,,Documentary,10/4/2022
The Love Birds,8,,Rom-Com,10/3/2022
Bridget Jone's Diary,8,,Rom-Com,10/2/2022
27 Dresses,10,,Rom-Com,10/1/2022
The Gentlemen,8,how is this so funny,Comedy,9/30/2022
Knives Out,7,OMG that accent ,Thriller,9/29/2022
The Conjuring,3,made me laugh too much,Horror,10/27/2022
